month,revenue,orders,units
2025-01,124352.02,556,849
2025-02,112705.99,517,779
2025-03,126982.56,604,920
2025-04,126255.85,588,903
2025-05,122705.06,563,898
2025-06,119536.39,581,891
2025-07,142209.3,642,992
2025-08,117623.94,554,861
2025-09,116867.67,534,847
2025-10,139759.19,645,994
2025-11,118510.45,558,851
2025-12,136515.09,614,973
2026-01,120460.33,580,882
2026-02,120631.74,518,819
2026-03,122670.62,545,863
2026-04,121785.46,590,902
2026-05,122341.96,583,913
2026-06,115175.91,559,817
2026-07,117570.32,544,825
2026-08,116660.29,567,860
2026-09,119879.67,558,871
