customer_id,customer_name,revenue,orders,units
CUST02715,Priya Thomas,1800.0,1,4
CUST02679,Jamie Miller,1800.0,1,4
CUST02312,Avery Smith,1800.0,1,4
CUST02365,Jamie Harris,1800.0,1,4
CUST01933,Morgan Wilson,1800.0,1,4
CUST01748,Alex Davis,1719.48,1,4
CUST01715,Cameron Martin,1597.48,1,4
CUST01189,Cameron Jackson,1578.32,1,4
CUST01690,Naveen White,1551.92,1,4
CUST02143,Sam Miller,1498.07,1,4
CUST02305,Riley Smith,1485.32,1,4
CUST02999,Morgan White,1471.56,1,4
CUST02771,Sam Davis,1359.07,1,4
CUST02233,Morgan Moore,1350.0,1,3
CUST01380,Jamie Jackson,1350.0,1,3
CUST03189,Morgan Wilson,1350.0,1,3
CUST01347,Riley Martin,1350.0,1,3
CUST02919,Sam Johnson,1350.0,1,3
CUST03277,Priya Martin,1350.0,1,3
CUST02487,Priya Jackson,1337.68,1,4
CUST01885,Alex Taylor,1317.84,1,3
CUST03305,Jamie Johnson,1313.04,1,4
CUST03482,Sam Moore,1309.86,1,3
CUST01823,Jordan Smith,1307.35,1,4
CUST01875,Naveen Smith,1307.34,1,3
